"species","sla","ldmc","lnc_m","lpc_m"
"ABIES ALBA",5.630740741,320.965,13.17017857,1.485764556
"ACER CAMPESTRE",15.20407407,346.2,20.22625,1.727102645
"ACER MONSPESSULANUM",11.765,422.5,19.69833333,1.35
"ACER NEGUNDO",22.74525425,345,27.082,2.316489996
"ACER PLATANOIDES",18.579,376.4705882,20.746,1.695630857
"ACER PSEUDOPLATANUS",13.59795699,351.238806,26.05041667,1.878446577
"ACHILLEA MILLEFOLIUM",13.90752524,222.26265,20.90934314,2.703330647
"ACORUS CALAMUS",21.54222222,244.4375,18,0.3
"ADONIS AESTIVALIS",30.04,120.1,11.23333333,0.6
"ADOXA MOSCHATELLINA",38.4,133.3333333,37.25,3.9
"AEGILOPS NEGLECTA",29.28,210,20.91,2.92
"AEGOPODIUM PODAGRARIA",30.02086957,228.3333333,29.96538462,3.737803318
"AESCULUS HIPPOCASTANUM",13.52595238,328.3783784,23.01230769,1.572891345
"AGRIMONIA EUPATORIA",17.796875,342.7142857,15.98333333,1.835
"AGROSTIS CANINA",31.69136364,264.1045455,23.58428571,3.128
"AGROSTIS CAPILLARIS",29.92424441,266.199468,23.09906337,2.009355813
"AGROSTIS POURRETII",35.575,305,19.01,2.503
"AGROSTIS STOLONIFERA",30.29059468,291.8643721,29.04175439,2.154976531
"AJUGA REPTANS",32.865,159.8683333,20.52714286,3.438166283
"ALCHEMILLA",23.96342204,210.2614009,24.1,1.817990976
"ALCHEMILLA XANTHOCHLORA",18.75375,226.5933333,23.735,1.695
"ALLIARIA PETIOLATA",38.38529412,159.1428571,42.81,3.345476634
"ALLIUM URSINUM",37.20846154,110.5,38.26666667,3.533333333
"ALNUS GLUTINOSA",14.73580645,321.2285714,32.02392857,1.909438617
"ALNUS INCANA",16.95230769,257.82,34.0108,2.358493463
"ALOPECURUS PRATENSIS",22.44235294,290.4494444,26.65733333,2.855230495
"ALOPECURUS RENDLEI",43.93,200,27.265,3.332655654
"ALYSSUM ALYSSOIDES",13.896,261.9024,20.41666667,2.59875
"AMMOPHILA ARENARIA",6.678888889,320,12.65,0.839110561
"ANDROMEDA POLIFOLIA",7.397692308,412.815,14.61692308,0.83
"ANDROSACE SEPTENTRIONALIS",24.51666667,161.1866667,19.49,2.904390011
"ANEMONE NEMOROSA",29.7573913,191.25,24.84166667,2.042857143
"ANEMONE RANUNCULOIDES",36.7,182.0325,28.7,3.2
"ANGELICA ARCHANGELICA",18.785,192.5,30.92571429,1.695433201
"ANGELICA SYLVESTRIS",27.46133333,201.25,30.22375,3.866666667
"ANTENNARIA DIOICA",17.396,273.8,14.94625,1.972469753
"ANTHEMIS ARVENSIS",23.425,147.182,17.01,2.13
"ANTHOXANTHUM ODORATUM",26.61761291,268.4764767,21.33115079,1.941143537
"ANTHRISCUS SYLVESTRIS",34.56615385,235,29.08066667,3.95
"ANTHYLLIS MONTANA",12.41471428,294.6919524,24.69166667,1.490833333
"ANTHYLLIS VULNERARIA",15.48511458,201.9777609,28.71011644,1.660714286
"APHYLLANTHES MONSPELIENSIS",5.605505555,275.4939833,23.465,1.5775
"ARABIDOPSIS THALIANA",31.957,139.5714286,35.7,4.9
"ARBUTUS UNEDO",8.598490566,307.0930233,13.79753968,1.083307821
"ARCTOSTAPHYLOS ALPINUS",12.74571429,263.51,15.63636364,1.2375
"ARCTOSTAPHYLOS UVA-URSI",7.341,471.2893533,9.43536623,2.014
"ARENARIA SERPYLLIFOLIA",19.09080342,260.9380909,19.4975,2.02425
"ARMERIA MARITIMA",15.68125,180,17,2
"ARNICA MONTANA",18.33,150.37,17.33,1.45
"ARRHENATHERUM ELATIUS",28.91033387,265.7593139,30.7821131,3.354115338
"ARTEMISIA CAMPESTRIS",15.65,197.522,18.88,2.489227621
"ARUM MACULATUM",33.17,115.5,42.45,3.75
"ARUNCUS DIOICUS",43.64,199.4175,19.1,1.9
"ASARUM EUROPAEUM",26.625,140.4125,27.51666667,4.7
"ASCLEPIAS SYRIACA",15.97,196.1842105,20.995,3.4
"ASTER",25.38,233.3333333,18.8,2.2
"ASTRAGALUS ALPINUS",25.97727273,180.51,45.95041667,2.8775
"ASTRAGALUS MONSPESSULANUS",13.968,252.586,35.075,1.5225
"ASTRAGALUS PELECINUS",19.34,230,29.07,1.3897
"ASTRAGALUS SEMPERVIRENS",17.69,247.54,37.39,2.32
"ASTRANTIA MAJOR",24.16449745,177.3565891,38.71,2.833749211
"ATRIPLEX LITTORALIS",14.49142857,122.5,27.53333333,2.173333333
"AVENA BARBATA",22.29105263,251.0833333,20.13727273,1.85
"AVENA SATIVA",17.262,222.1483333,28.3,1.68
"AVENULA PRATENSIS",11.10162901,277.5636031,18.79531818,1.2
"AVENULA PUBESCENS",18.14703594,288.3171051,18.70658077,2.495437716
"BARTSIA ALPINA",16.435,192.92,22.7347619,1.580833333
"BELLIS ANNUA",32.90599883,114.9008592,20.79261936,2.016000077
"BELLIS PERENNIS",31.02489041,118.0718818,25.30666667,3.366869611
"BERBERIS VULGARIS",12.90058824,340.5714286,23.03384615,1.216828953
"BETA VULGARIS",20.665,160,38.1,4.25
"BETULA NANA",12.878,403.3333333,21.95308411,1.932089652
"BETULA PENDULA",14.06775,349.47073,26.16187148,2.088887228
"BETULA PUBESCENS",14.25625,350,25.07809524,2.129965357
"BIDENS FRONDOSA",29.80571429,194.798,25.06,2.575034032
"BLACKSTONIA PERFOLIATA",24.55,220,17.28571429,1.2
"BOLBOSCHOENUS MARITIMUS",13.66,270,21,1.446666667
"BOTHRIOCHLOA ISCHAEMUM",22.496,300,14.51636364,1.02625
"BRACHYPODIUM DISTACHYON",24.1912433,345.6944693,19.07367024,1.13314538
"BRACHYPODIUM PHOENICOIDES",13.20288878,400.96685,16.42803909,1.136120271
"BRACHYPODIUM PINNATUM",23.07165447,359.5313371,21.24323168,1.756764706
"BRACHYPODIUM SYLVATICUM",42.91529412,304.7477778,24.60555556,2.057
"BRIZA MEDIA",22.54840425,277.2858352,22.19203757,1.075643018
"BROMUS DIANDRUS",27.827,309.8333333,22.90719963,1.7725
"BROMUS ERECTUS",16.54404784,346.8611728,20.06990196,1.423548413
"BROMUS HORDEACEUS",25.57122117,278.0789431,26.37033416,3.063233536
"BROMUS INERMIS",19.91288288,356.9648562,20.56333333,0.57
"BROMUS LANCEOLATUS",29.533125,265.3333333,21.36333333,3.689425127
"BROMUS MADRITENSIS",27.94305705,288.1150089,23.76259414,1.878514314
"BROMUS RAMOSUS",24.24466667,246.8333333,29.9,1.4
"BROMUS STERILIS",30.09709677,227.5333333,23.02166667,2.542220613
"BROMUS TECTORUM",23.905,183.775,22.015,2.479196553
"BUDDLEJA DAVIDII",12.89959184,311.5128205,19.8,2.341222882
"BUXUS SEMPERVIRENS",8.398292929,411.7993,17.60817972,1.280101
"CALAMAGROSTIS ARUNDINACEA",17.42166667,436.6666667,20.185,4.063333333
"CALAMAGROSTIS CANESCENS",23.42857143,360.5,21.6,1.5
"CALAMAGROSTIS EPIGEJOS",14.82611111,397.7116667,18.20277778,1.266224371
"CALAMAGROSTIS STRICTA",24.21,300,14.7852,1.186666667
"CALAMAGROSTIS VILLOSA",24.93,293.95,24.07142857,1.957142857
"CALLA PALUSTRIS",34.022,105,28.6,0.8
"CALLUNA VULGARIS",12.18444444,381.6111111,13.43454545,1.091222668
"CALTHA PALUSTRIS",30.19363636,139,35.49,3.64390898
"CALYSTEGIA SEPIUM",32.37777778,191.3333333,31.56,1.928064979
"CALYSTEGIA SOLDANELLA",15.895,120,23.4,1.74
"CAMPANULA BARBATA",20.01833333,163.69,15.135,2.05
"CAMPANULA RHOMBOIDALIS",25.76,270.56,25.9,1.48
"CAMPANULA ROTUNDIFOLIA",20.84259259,229.3424294,27.90011472,2.066666667
"CAPSELLA BURSA-PASTORIS",27.109,170.3845926,28.19,4.1125
"CARDAMINE HIRSUTA",27.96,121.1428571,17.86,3.183257764
"CARDUUS ACANTHOIDES",18.74,130,45.26,2.803822423
"CARDUUS DEFLORATUS",12.975,170.6733333,19.615,1.9
"CARDUUS NUTANS",14.87710313,127.6992642,30.74558775,3.477132646
"CAREX",17.48125,330.7692308,24.39338983,2.33818272
"CAREX ACUTA",13.968,330.545,27.37,1.884360626
"CAREX ARENARIA",11.99857143,323.3333333,19.398,0.794166043
"CAREX ATRATA",21.60633333,340.6055456,21.7961826,1.85
"CAREX BINERVIS",12.81,360,17.13,1.923
"CAREX BRIZOIDES",24.825,400.575,26.43333333,2.733333333
"CAREX CARYOPHYLLEA",17.97483972,329.9495593,20.61076722,1.317292206
"CAREX CURTA",25.26714286,265.695,22.6,1.7
"CAREX DIGITATA",29.10428571,345.6866667,20,1.9
"CAREX DIVISA",14.02642432,269.3117965,24.10915263,0.903578665
"CAREX ELATA",13.81,340,14.6,1.18
"CAREX FLACCA",14.99559405,342.761513,16.04600328,1.478455017
"CAREX HALLERIANA",16.11686111,372.1246,19.18418449,2.736428571
"CAREX HARTMANNII",18.7325,375,19.618,1.475
"CAREX HIRTA",18.51168063,300.9067679,20.78555556,1.446433987
"CAREX HUMILIS",12.99163218,420.3836237,16.16889958,1.835
"CAREX LASIOCARPA",11.03833333,368.0383333,17.86666667,1.675
"CAREX LIPAROCARPOS",18.865,325.005,20.95166667,1.551666667
"CAREX MONTANA",15.76125,312.41,17.27,1.85
"CAREX MYOSUROIDES",9.9,349.2270416,20.25065936,2.235
"CAREX PALLESCENS",21.04533333,439.2769231,17.44090909,1.8
"CAREX PANICEA",20.41,350.0854545,17.555,1.89346891
"CAREX PILULIFERA",21.19133333,339.7142857,23.85333333,2.330550279
"CAREX REMOTA",24.82,252,16.37,1.552025219
"CAREX RIPARIA",15.08181818,320,18.77666667,1.920170823
"CAREX ROSTRATA",14.91928571,245.6685714,20.83818182,2.707146332
"CAREX SEMPERVIRENS",12.57769231,386.4396156,15.24133333,1.0388
"CAREX SYLVATICA",29.27,322,21.8,1.2
"CAREX UMBROSA",19.415,389.6675,14.75428571,1.3
"CAREX VAGINATA",17.97375,298.4166667,18.02235294,1.217692308
"CARLINA CORYMBOSA",14.89,235,22.68,1.458
"CARLINA VULGARIS",12.60682698,220.7088945,14.91,0.937382388
"CARPINUS BETULUS",21.7192,252.1875,21.98514286,1.936665104
"CARTHAMUS MITISSIMUS",12.80758889,182.98875,28.27559132,2.324786111
"CARUM CARVI",22.43181818,213.9371429,29.52625,1.897333333
"CASTANEA SATIVA",13.20203125,356.6666667,21.933,1.808905603
"CATANANCHE CAERULEA",14.918,144.1453333,18.86646483,1.7725
"CATAPODIUM RIGIDUM",21.19855559,295.4904142,20.59978681,1.074686187
"CENTAUREA ALPESTRIS",11.25,230.165,24.8,0.966
"CENTAUREA ASPERA",16.5,150,27.7,3.14
"CENTAUREA JACEA",19.76119478,211.991515,24.1240214,1.434003845
"CENTAUREA NIGRA",21.19731077,184.2788002,28.72046784,2.150201302
"CENTAUREA PECTINATA",16.9546,199.6975,22.01768919,2.02674
"CENTAUREA SCABIOSA",16.75928571,193.5,22.3,1.7
"CENTAUREA UNIFLORA",17.118,212.1375,25.042,1.65
"CENTAURIUM ERYTHRAEA",21.125,256.6666667,22.14285714,1.228571429
"CERASTIUM ARVENSE",19.96705882,189.4816667,29.59,0.71095
"CERASTIUM FONTANUM",28.7535074,155.0468052,25.31545454,4.241677713
"CERASTIUM GLOMERATUM",22.05365391,162.5129185,18.92464286,2.252191667
"CERASTIUM PUMILUM",14.21153333,217.645,18.21785714,2.43875
"CHAEROPHYLLUM AUREUM",20.74148979,220.5219652,38.53828283,3.639818264
"CHAEROPHYLLUM HIRSUTUM",23.105,210.8245455,24.2275,2.69
"CHENOPODIUM ALBUM",20.63223684,173.1176471,35.10545455,4.3
"CHENOPODIUM GLAUCUM",23.56,121.9,28.66666667,3.356666667
"CHONDRILLA JUNCEA",12.03666667,185.2233333,21.53,2.36
"CHRYSOPOGON GRYLLUS",18.4875,290,15.58666667,1.683333333
"CHRYSOSPLENIUM OPPOSITIFOLIUM",23.348,122.25,26.6,2.9
"CIRCAEA ALPINA",44.16,173.515,18.4,3.3
"CIRCAEA LUTETIANA",47.48444444,190,26.59142857,2.809952364
"CIRSIUM ARVENSE",17.34495913,156.8739467,23.79909091,1.812212051
"CIRSIUM DISSECTUM",18.6175,106.6666667,17.25,0.427078403
"CIRSIUM HETEROPHYLLUM",23.04428571,106.32,24.16666667,1.56
"CIRSIUM PALUSTRE",19.51866667,160,17.99,2.023302572
"CIRSIUM VULGARE",14.46608696,138.473,17.26,1.995532164
"CISTUS ALBIDUS",8.532,370.16,13.16666667,1.55
"CISTUS LADANIFER",3.733333333,555,14.20666667,1.2561
"CLADANTHUS MIXTUS",20.05,180,21.845,1.7935
"CLADIUM MARISCUS",6.926666667,388.735,9.183333333,0.4366
"CLEMATIS FLAMMULA",14.33,284.64,19.68,1.06
"CLINOPODIUM NEPETA",24.44428571,233.3333333,25.28,3.02
"CLINOPODIUM VULGARE",26.47222222,259.1428571,16.23,1.64
"COLCHICUM AUTUMNALE",19.4,131.34,18.56,1.55
"CONIUM MACULATUM",25.62428571,209.5316667,29.19,2.888749904
"CONOPODIUM MAJUS",22.66222222,188,38.6,2.8
"CONVALLARIA MAJALIS",28.79928571,228.8333333,29.93333333,4.5
"CONVOLVULUS ARVENSIS",27.78446809,182.3043478,32.41555556,3.02
"CONVOLVULUS CANTABRICA",19.49,210,19.58,1.27
"CORNUS MAS",27.92,218.3775,12.8,1.72
"CORNUS SANGUINEA",16.50032258,337.5675676,21.60482759,2.164965361
"CORONILLA MINIMA",12.50276042,238.5136344,24.68020833,1.355563636
"CORTADERIA SELLOANA",5.125,450,11.19,1.581577144
"CORYLUS AVELLANA",16.38960784,392.0895522,23.75047619,1.720534022
"COTONEASTER INTEGERRIMUS",13.44857143,347.2545622,30.18559969,3.13
"CRATAEGUS LAEVIGATA",20.976,345.3775,25.3,2
"CRATAEGUS MONOGYNA",11.50162602,410.4657534,18.19181818,1.28200776
"CREPIS BIENNIS",30.4911285,125.1813128,25.5,2.993527508
"CREPIS CAPILLARIS",28.13944444,125.6385714,26.3,1.508
"CREPIS CONYZIFOLIA",20.452,223.05,21.154,1.43375
"CREPIS FOETIDA",22.33833333,133.3333333,22,3.39
"CREPIS PYRENAICA",28.52,202.74,26.215,1.508
"CREPIS SANCTA",23.56605753,140.9522143,14.256,1.918366411
"CREPIS VESICARIA",18.8230594,164.9635606,20.79475254,1.913371602
"CYANUS MONTANUS",32.54461538,176.856,26.3025,1.217
"CYNODON DACTYLON",23.884,266.36375,28.995,3.093468326
"CYNOSURUS CRISTATUS",23.37867914,254.143369,23.095,0.506
"CYTISUS SCOPARIUS",15.99568182,240,30.36363636,1.170630962
"DACTYLIS GLOMERATA",23.74747148,266.2131773,24.41564775,2.130281201
"DANTHONIA DECUMBENS",17.18274252,339.3109299,18.53233333,1.345949753
"DAPHNE MEZEREUM",23.6872,217.15,23.85,2.722610628
"DATURA STRAMONIUM",22.01714286,130.295,57.73,2.55534
"DAUCUS CAROTA",18.85788168,240.4477106,25.14348485,2.626455998
"DESCHAMPSIA CESPITOSA",15.23763636,325.1927586,17.92111111,1.689671246
"DESCHAMPSIA FLEXUOSA",19.25,355.5194737,21.07064516,1.591083814
"DESCURAINIA SOPHIA",22.61,170.9775,46.94,2.54
"DIGITALIS PURPUREA",22.26153846,241.25,37.8,4.4
"DIPHASIASTRUM COMPLANATUM",6.535,275,7.88,0.763333333
"DIPSACUS FULLONUM",19.70153846,168.9,13.8,3.363333333
"DROSERA ROTUNDIFOLIA",40.472,136.8375,12,1.8
"DRYAS OCTOPETALA",13.86783784,321.25,18.97348837,1.333333333
"DRYOPTERIS DILATATA",21.4725,270,22.03,2.502775319
"DUCHESNEA INDICA",30.28,220,28.06,2.702205705
"ECHIUM PLANTAGINEUM",16.34,230,16.98,1.895
"ECHIUM VULGARE",14.762,141,23.6,1.7
"ELEOCHARIS PALUSTRIS",12.10714286,210,21.3525,1.972986475
"ELYTRIGIA REPENS",21.63115924,305.8074809,28.84942618,2.576231387
"EMPETRUM NIGRUM",8.570943396,390.8823529,11.611875,0.971607681
"EPILOBIUM ANGUSTIFOLIUM",18.04737705,269.5032665,32.03553164,2.979686314
"EPILOBIUM HIRSUTUM",28.18086957,206.5,33.0125,3.4
"EPILOBIUM PALUSTRE",36.07923077,151.6872727,15.08,3.538
"EQUISETUM ARVENSE",13.16037037,299.9444444,20.41,2.382678876
"EQUISETUM FLUVIATILE",14.75,244.5833333,14.83,4.36041901
"EQUISETUM PALUSTRE",8.124,201.162,29.36,1.56627646
"EQUISETUM SYLVATICUM",24.45,259.63,23.032,1.984735528
"ERAGROSTIS MINOR",36.72,237.135,18.4,1.62
"ERICA CINEREA",10.96272727,369.3666667,12.29466667,0.890678399
"ERICA TETRALIX",9.993333333,470,10.69666667,0.765468208
"ERIGERON CANADENSIS",20.73829787,226.1793103,26.07857143,3.9
"ERIGERON SUMATRENSIS",21.72,188.6666667,23.09866667,3.4825
"ERIOPHORUM ANGUSTIFOLIUM",9.932777778,325,20.84285714,1.42
"ERIOPHORUM VAGINATUM",8.235,352.3333333,19.07153846,1.786203968
"ERODIUM CICONIUM",21.916,222.5,30.6875,1.364
"ERODIUM CICUTARIUM",23.24969565,212.8449167,26.23375,2.701079215
"EROPHILA VERNA",35.00866667,133.8516667,25.475,3.6475
"ERYNGIUM CAMPESTRE",7.261657658,325.2679265,15.0734375,1.12765625
"EUONYMUS EUROPAEUS",15.25869565,318.5294118,24.812,1.772889742
"EUPATORIUM CANNABINUM",25.59157895,198.5,20.42857143,0.849294182
"EUPHORBIA CYPARISSIAS",24.25775,290.0146667,30.16072909,2.332333333
"EUPHORBIA EXIGUA",23.80003059,233.7565499,21.36318505,1.120593226
"EUPHORBIA FLAVICOMA",27.33666667,301.912,32.1,3.31
"EUPHORBIA HELIOSCOPIA",36.035,195,16.6,1.4
"FAGUS SYLVATICA",14.99390476,436.1888889,23.2156682,1.428281945
"FESTUCA ALTISSIMA",26.6,255.235,22.66666667,2.133333333
"FESTUCA ARUNDINACEA",17.22684153,253.589422,25.11222222,2.367374004
"FESTUCA CHRISTIANI-BERNARDII",8.370235632,430.7341278,14.14687953,1.548
"FESTUCA GIGANTEA",28.20333333,213,29.70833333,2.458333333
"FESTUCA LAEVIGATA",9.309285714,345.9894413,12.87931702,1.112428571
"FESTUCA NIGRESCENS",16.29,385.3225,14.3,0.864
"FESTUCA OVINA",15.06840909,333.1104545,14.71363636,1.074337387
"FESTUCA PANICULATA",8.56,393.284,11.7,0.709
"FESTUCA PRATENSIS",24.0513048,259.4157783,24.40809524,2.168384873
"FESTUCA RUBRA",12.49956983,328.9693709,16.76901336,1.588910702
"FESTUCA VALESIACA",19.42,380,14.175,1.93
"FESTULOLIUM LOLIACEUM",24.73875,144.5,40.3575,3.28569622
"FILAGO GALLICA",26.74,220,12.92,1.456
"FILAGO PYRAMIDATA",33.36018182,245.6473636,20.28609918,3.0625
"FILIPENDULA ULMARIA",24.64294118,336.6666667,29.51545455,2.256188699
"FILIPENDULA VULGARIS",16.91946914,354.2815781,20.05555556,2.056875335
"FRAGARIA VESCA",19.44133333,368.6081274,19.63820779,3.705313307
"FRAGARIA VIRIDIS",16.01916667,338.94,16.22,2.2
"FRANGULA DODONEI",33.3787234,297.3571429,30.534,2.336504363
"FRAXINUS EXCELSIOR",13.01961165,321.5282509,22.62603093,1.969117323
"GALACTITES ELEGANS",11.47,160,20.29,2.01
"GALIUM APARINE",36.87807018,135.2941176,31.26666667,3.14
"GALIUM BOREALE",25.3169697,290.6326933,21.62208352,1.712
"GALIUM CORRUDIFOLIUM",13.64759211,230.6680439,21.551074,2.103055556
"GALIUM MOLLUGO",29.39972779,199.8251952,31.78953225,3.283813219
"GALIUM ODORATUM",42.21,241.5,24.49333333,2.614699264
"GALIUM PUSILLUM",28.785,185.24,21.35,1.52
"GALIUM SAXATILE",24.69875,185,25.1,2.9
"GALIUM ULIGINOSUM",30.06761905,266.81625,17.26,0.733
"GALIUM VERUM",22.06059006,237.725608,26.67903026,2.474513748
"GENISTA HISPANICA",18.17067949,289.0023846,28.3341642,2.038
"GENISTA SAGITTALIS",23.524,216.807,28.96470758,2.025
"GENTIANA CRUCIATA",17.69,197.66,16.98,1.68
"GENTIANA LUTEA",13.255,214.7916667,23.4,1.576
"GERANIUM MOLLE",27.43185283,183.1955191,15.89541703,2.058310513
"GERANIUM PRATENSE",20.74181818,233.75,32.34,3.79
"GERANIUM ROBERTIANUM",28.6,182.8333333,26.6,2.5
"GERANIUM ROTUNDIFOLIUM",25.7429,222.7902857,21.475,3.4015
"GERANIUM SANGUINEUM",21.68875,255.6,18.635,2.13
"GERANIUM SYLVATICUM",23.74548387,255.07,25.41518519,4.079748334
"GEUM RIVALE",20.72230769,271.1666667,27.976,2
"GLECHOMA HEDERACEA",35.45074074,156,31.56333333,3.262171951
"GLOBULARIA CORDIFOLIA",11.93,250.37,17.75,1.21
"GLOBULARIA VULGARIS",11.72426191,273.2422308,16.175,0.9025
"GLYCERIA FLUITANS",37.105,273.3333333,27.83333333,2.1
"GLYCERIA GRANDIS",21.5,248.22,23.5,3.2
"GLYCERIA MAXIMA",18.07555556,243.3333333,23.515,2.150050287
"HALIMIONE PORTULACOIDES",8.397329568,144.3951693,18.99807264,1.464251613
"HEDERA HELIX",11.39644172,330.0942029,15.23185185,1.428826019
"HELIANTHEMUM APENNINUM",10.4815,320.0255667,23.1,1.4925
"HELIANTHEMUM GRANDIFLORUM",12.49,315.445,21.6,2.0455
"HELIANTHEMUM NUMMULARIUM",16.07811016,262.1905934,29.22594871,2.45571963
"HELIANTHEMUM OELANDICUM",10.62404301,330.1424691,19.20833333,1.91
"HELIANTHUS TUBEROSUS",28.33285714,123.565,33.86333333,3.730894743
"HELICHRYSUM ARENARIUM",18.07,220,17.3,2.3
"HELICHRYSUM STOECHAS",14.02,290,14.63,1.504666667
"HERACLEUM SPHONDYLIUM",21.4075,208.70375,34.83333333,3.657333333
"HIERACIUM BIFIDUM",22.774,175.9755556,17.54,1.42
"HIERACIUM PILOSELLA",17.78322748,196.5889285,20.11024773,1.491828898
"HIERACIUM UMBELLATUM",22.70090909,172.49375,24.51625,2.427225719
"HIPPOCREPIS COMOSA",14.91375,226.3134,34.2283918,2.4275
"HIPPOPHAE RHAMNOIDES",11.59363636,296.8344509,33.06695469,1.166037712
"HIPPURIS VULGARIS",33.825,101.6557143,20.65666667,1.673494153
"HOLCUS LANATUS",32.43962763,223.5927641,25.03250896,2.325683738
"HOLCUS MOLLIS",39.746,215,31.92,2.798290572
"HONCKENYA PEPLOIDES",16.41333333,166.6666667,20.93,2.46
"HORDELYMUS EUROPAEUS",36.76,196.295,25.5,1.636666667
"HORDEUM BULBOSUM",18.68,260,26.3,2.649106362
"HORDEUM MURINUM",28.70863509,222.5909091,29.99568474,3.689
"HUPERZIA SELAGO",13.58,334.22,11.06272727,1.373333333
"HYACINTHOIDES NON-SCRIPTA",21.96333333,85,31.95,2.7
"HYDROCHARIS MORSUS-RANAE",40.2975,95.54166667,17,0.5
"HYDROCOTYLE VULGARIS",30.255,113.6969231,20.95444444,0.97888984
"HYPOCHOERIS RADICATA",23.125,113.3333333,17.75,2.175
"ILEX AQUIFOLIUM",6.88625,342.8521127,14.7952,1.070197043
"IMPATIENS CAPENSIS",56.76285714,101.6666667,31.2175,2.9
"IMPATIENS PARVIFLORA",119.5166667,73.235,17.7,4.51
"INULA CONYZA",17.677,242,20.5,2.18
"INULA MONTANA",13.02717949,285.5230513,22.2,1.225
"JACOBAEA VULGARIS",25.33772727,124.2675,20.224,2.76825
"JUGLANS REGIA",14.17521739,310,22.6745,1.864726004
"JUNCUS ARTICULATUS",16.0205,201.52125,20.708,1.494340533
"JUNCUS BUFONIUS",19.02272727,134.6,14.86,2.297
"JUNCUS EFFUSUS",5.554705882,310.4675,13.66777778,1.770390767
"JUNCUS SQUARROSUS",5.83,395.305,13.14285714,1.46
"JUNCUS SUBNODULOSUS",6.884444444,187,19.21,1.134628467
"JUNCUS TENUIS",12.5025,106.905,14.2,1.8
"JUNIPERUS COMMUNIS",8.768571429,489.8733333,11.6592,1.087184012
"JUNIPERUS OXYCEDRUS",5.607333333,453.3,9.21875,0.766666667
"KNAUTIA ARVENSIS",19.85106711,160.8622907,29.16904762,2.876432719
"KNAUTIA DIPSACIFOLIA",14.95,187.79,17.815,1.31
"KOELERIA GLAUCA",13.11,360,21.4,2.5
"KOELERIA MACRANTHA",12.18423077,354.2727273,18.435,1.295435739
"KOELERIA VALLESIANA",10.76061953,352.8139572,22.05865385,1.255
"LABURNUM ANAGYROIDES",17.79,278.78,34.07769231,1.791065179
"LAMIUM GALEOBDOLON",30.88916667,270,33.60153846,4.512259775
"LAMIUM MACULATUM",33.33384615,193.5,29.79666667,2.54483298
"LARIX DECIDUA",9.470454545,377.5294118,19.97191011,1.789306988
"LASERPITIUM LATIFOLIUM",12.12444444,249.716,25.8875,1.71375
"LATHYRUS PRATENSIS",24.30673469,314.8353846,36.88142857,1.877967488
"LATHYRUS VERNUS",41.255,196.56125,34.93333333,4.48
"LAVANDULA STOECHAS",11.71333333,340,13.936,0.943741111
"LEONTODON CRISPUS",25.32,140,16.58,1.73
"LEONTODON HISPIDUS",26.21357548,142.9550752,22.9345679,1.949192674
"LEONTODON SAXATILIS",20.344,167.5,22.43666667,1.516
"LEPIDIUM DENSIFLORUM",47.89,120,32.005,2.907215592
"LEPIDIUM LATIFOLIUM",15.80666667,163.8525,41.15,2.995
"LEUCANTHEMUM VULGARE",17.95872883,151.513775,20.18369146,1.791537893
"LIGUSTRUM VULGARE",10.95055556,372.7777778,16.19,1.069035354
"LIMONIUM NARBONENSE",10.03170646,204.2918922,29.04149294,1.993995726
"LINARIA VULGARIS",26.45294118,195.0689655,17.89333333,1.46
"LINUM CATHARTICUM",29.77565217,216.6666667,20.29875,1.162325774
"LINUM TENUIFOLIUM",13.8034,330.2972,19.64341913,1.1935
"LINUM USITATISSIMUM",34.82323131,191.2632825,46.33222222,2.5564769
"LOLIUM MULTIFLORUM",27.28423351,236.951672,21.80833333,2.207754569
"LOLIUM PERENNE",25.84059888,224.7029615,27.10214286,3.211599395
"LOLIUM RIGIDUM",26.43222222,230,20.39333333,1.93
"LONICERA PERICLYMENUM",14.17576923,289.4736842,22.532,1.763980239
"LONICERA XYLOSTEUM",24.1075,259.0832864,23.743375,1.367
"LOTUS ANGUSTISSIMUS",31.6,230,26.65,1.25
"LOTUS CORNICULATUS",23.50272918,215.1770033,34.91457389,1.588446198
"LUZULA CAMPESTRIS",25.98456953,236.6519718,23.62777778,1.097462629
"LUZULA PILOSA",25.63166667,250,18.64375,4.266666667
"LUZULA SYLVATICA",16.83,292,18.75,1.95
"LYCOPODIUM ANNOTINUM",18.14,375,10.00615385,1.179935015
"LYCOPODIUM CLAVATUM",21.79,379.555,8.7125,0.836428571
"LYCOPUS EUROPAEUS",24.186,101.25,23.016,1.691466517
"LYSIMACHIA EUROPAEA",37.564375,273.2671429,19.68375,1.540057404
"LYSIMACHIA MARITIMA",16.375,170,19.22875,1.13
"LYSIMACHIA NUMMULARIA",28.75666667,225.0916667,17.1,2.56
"LYSIMACHIA TENELLA",34.1725,130,7.04,0.68
"LYSIMACHIA VULGARIS",26.83826087,222.55,25.459,2.177339949
"LYTHRUM SALICARIA",17.80125,290.0405263,22.26375,1.500383916
"MAIANTHEMUM BIFOLIUM",33.052,237.43,32.575,3.166666667
"MALUS SYLVESTRIS",12.439375,374.1071429,21.71076923,1.428085539
"MALVA SYLVESTRIS",22.57333333,170.005,28.9,1.6
"MEDICAGO LUPULINA",30.42526874,227.1725432,36.76,1.460156162
"MEDICAGO MINIMA",26.2468254,255.1777778,41.68066667,1.646666667
"MEDICAGO SATIVA",21.79931034,241.2380952,38.101875,2.429107239
"MELAMPYRUM PRATENSE",27.05428571,163.6053187,21.12078994,2.818
"MELAMPYRUM SYLVATICUM",28.47555556,153.245,23.00466667,2.137494733
"MELICA NUTANS",22.41666667,394.2857143,24.8,1.7
"MELILOTUS ALBUS",22.21636364,224.8275862,45.55333333,1.221
"MELILOTUS OFFICINALIS",18.46,222.5,34.8,1.56
"MENTHA AQUATICA",23.94571429,183.2176923,16.78909091,1.304551845
"MENTHA LONGIFOLIA",32.11,190.3375,28.634,3.464053659
"MENYANTHES TRIFOLIATA",23.71,191.1666667,26.31333333,3.184949951
"MERCURIALIS PERENNIS",26.34375,222.25,32.64615385,2.741666667
"MEUM ATHAMANTICUM",13.15619931,239.1178195,25.86917197,1.607692308
"MILIUM EFFUSUM",32.99833333,248,24.48181818,1.825
"MINUARTIA VERNA",20.3325,248.885,18.1,2.2
"MOLINIA CAERULEA",19.7713871,354.372012,14.52555556,0.835165395
"MUSCARI NEGLECTUM",19.352,108.839,29.08700591,3.4275
"MYOSOTIS RAMOSISSIMA",24.37954545,197.9912727,13.98928571,2.084290476
"MYRICA GALE",11.5625,340,25.5,0.9
"MYRRHIS ODORATA",38.62111111,234,51.5,4.3
"NARCISSUS POETICUS",18.675,200.044,21.1,2.499
"NARCISSUS PSEUDONARCISSUS",19.3,133.75,35.5,2.5
"NARDUS STRICTA",11.495,412.2788889,15.84735294,1.308314436
"NARTHECIUM OSSIFRAGUM",25.08333333,150,24.7,6.2
"NICOTIANA GLAUCA",12.43166667,160,40.17,2.145024323
"NOCCAEA MONTANA",19.39583333,145,28.19,2.666391684
"NYMPHAEA ALBA",14.7,180.5,28,4.2
"ODONTITES VERNUS",18.79079299,174.9292821,20.76666667,1.751443329
"ONOBRYCHIS VICIIFOLIA",14.19129167,294.3983292,27.66923077,1.535923077
"ONONIS CRISTATA",20.51,212.28,33.86,1.79
"ONONIS SPINOSA",24.46722222,216,41.2475,2.077034172
"ONONIS STRIATA",16.46366667,272.4625167,23.98585616,2.333888889
"ORIGANUM VULGARE",22.93388889,231.5,21.41111111,1.7
"ORNITHOGALUM GUSSONEI",16.37163636,140.1781818,32.97727273,3.483636364
"ORNITHOPUS COMPRESSUS",32.745,215,32.46,1.292
"ORTHILIA SECUNDA",17.15545455,371.2737132,14.8497136,3.483333333
"OXALIS ACETOSELLA",61.37615385,127.36,27.43333333,3.2125
"OXYRIA DIGYNA",25.85666667,90,37.844,3.6
"OXYTROPIS CAMPESTRIS",12.7075,211.955,32.955,2.21
"PARAPHOLIS FILIFORMIS",19.80681095,345.8890412,18.97889674,0.894373402
"PARAPHOLIS INCURVA",15.02721476,320.2294011,19.62024413,2.599565933
"PARENTUCELLIA VISCOSA",24.21,165,20.88,1.7325
"PARIS QUADRIFOLIA",35.00333333,173,29.6,3.9
"PARNASSIA PALUSTRIS",23.60095238,158.5645455,16.98333333,1.089587692
"PARTHENOCISSUS INSERTA",19.835,218.625,20.7,3.55
"PEDICULARIS PALUSTRIS",23.822,148,26.53,1.15
"PEDICULARIS ROSTRATOSPICATA",14.33,207.78,20.53,1.8
"PERSICARIA BISTORTA",22.20285714,244.5001589,30.86189969,1.749938676
"PERSICARIA HYDROPIPER",39.66833333,214.3636364,23.512,3
"PERSICARIA VIVIPARA",15.67775,235.01841,32.4972973,2.364166667
"PHALARIS ARUNDINACEA",18.99323529,485.7222222,24.84117647,2.250314028
"PHALARIS PARADOXA",26.65,340,28.02,2.134284135
"PHILLYREA LATIFOLIA",7.685217391,249.7916667,15.21384615,0.838895
"PHLEUM ALPINUM",20.73588235,337.3353846,22.51,2.908333333
"PHLEUM PRATENSE",20.621875,335.9329684,19.87435897,2.787789877
"PHRAGMITES AUSTRALIS",13.65,430.309,23.24942857,1.413338234
"PHYTEUMA ORBICULARE",31.58,215.54,31.17,1.8
"PICEA ABIES",4.337121212,470,12.58152268,1.46448702
"PICEA SITCHENSIS",5.14272,372.0588235,11.65754098,1.338443166
"PICRIS HIERACIOIDES",27.13042843,172.7462971,26.64588235,2.761369121
"PIMPINELLA MAJOR",22.01818182,233.35375,24.918,3.665
"PIMPINELLA SAXIFRAGA",16.22861707,268.5779517,24.94290123,2.175069945
"PINUS SYLVESTRIS",4.875869565,333.962963,13.17649462,1.335695938
"PLANTAGO ALPINA",14.964,170.97,19.175,1.5025
"PLANTAGO CORONOPUS",15.85077528,106.6360334,14.10833334,1.352
"PLANTAGO LAGOPUS",15.75225747,147.8164925,22.05041289,1.482349734
"PLANTAGO LANCEOLATA",18.99706518,168.9139347,21.9550855,2.093267907
"PLANTAGO MAJOR",19.68981818,167.375,19.69166667,1.92
"PLANTAGO MARITIMA",9.972142857,113.0800166,21.89021955,0.894
"POA ALPINA",17.065,282.0375,15.93,1.825
"POA ANNUA",36.80454545,229.5509091,36.0725,4.371115597
"POA BULBOSA",27.3862,264.3814167,21.24678571,2.710795334
"POA CHAIXII",21.565,347.51,18.6575,1.8
"POA COMPRESSA",18.29583333,319.1333333,13.67,1.519586803
"POA NEMORALIS",33.51526316,313.7438889,19.0272,2.071428571
"POA PALUSTRIS",19.60769231,342.65,13.98,1.615
"POA PRATENSIS",18.29202726,332.2395237,19.83651488,2.479370337
"POA TRIVIALIS",34.01670627,254.4286293,27.59934829,3.367132397
"POLYGALA CALCAREA",19.345,198.288,23.35,1.69
"POLYGALA MONSPELIACA",20.16832944,185.0869957,28.75919759,1.181688329
"POLYGONATUM MULTIFLORUM",43.84,144.06,30,2.1
"POLYGONATUM ODORATUM",28.93833333,186.245,28.94222222,3.58604306
"POLYGONATUM VERTICILLATUM",42.23,145.01,34.45,1.75
"POLYGONUM AVICULARE",27.45259259,213,32.894,2.269787404
"POPULUS NIGRA",10.86090909,303.85,21.99777778,1.872509217
"POPULUS TREMULA",14.83346154,383.8953846,26.232,2.004151689
"PORTULACA OLERACEA",14.69642857,90.382,19.29,1.809188314
"POTAMOGETON ALPINUS",77.1425,167.084,36.765,1.865181827
"POTAMOGETON CRISPUS",60.99,146.3333333,28.5,1.626666667
"POTAMOGETON PERFOLIATUS",110.27,184.56,46.7,3.22
"POTENTILLA ANSERINA",20.014375,225,25.64210526,2.977478626
"POTENTILLA AUREA",21.53714286,238.3125,27.94333333,1.81
"POTENTILLA GRANDIFLORA",11.97,281.4325,22.1,1.199
"POTENTILLA NEUMANNIANA",12.03127174,343.4293049,20.08671875,1.690664286
"POTENTILLA PALUSTRIS",18.4025,254.5133333,13.36,1.517913063
"POTENTILLA PROSTRATA",16.49666667,320,25.735,2.19
"POTENTILLA RECTA",17.08730769,312.3542857,14.4,2.45
"POTENTILLA REPTANS",23.96028571,241.9946154,26.812,3.301673174
"PRENANTHES PURPUREA",65.86,165.4397451,34.26622255,2
"PRIMULA ELATIOR",24.398,137.2075,23.39833333,1.9
"PRIMULA FARINOSA",22.974,172.105,21.92666667,4.19
"PRUNELLA VULGARIS",29.90473684,182.96,20.09444444,3.12925
"PRUNUS AVIUM",18.50909091,300,20.53833333,1.602666667
"PRUNUS LAUROCERASUS",6.777125,353.3661972,14.99263158,1.749915631
"PRUNUS MAHALEB",15.01888889,286.689,20.24333333,2.06
"PRUNUS PADUS",21.27125,328.8744444,21.06,1.846872852
"PRUNUS SEROTINA",17.17588235,316.6666667,25.39162162,2.071125953
"PRUNUS SPINOSA",14.38154217,336.2933478,26.59383127,2.254364215
"PTERIDIUM AQUILINUM",15.66590909,562,23.125,1.2155
"PUCCINELLIA DISTANS",29.29333333,179.6,15.265,0.97
"PULMONARIA ANGUSTIFOLIA",19.995,151.09,25.25333333,1.855
"PULMONARIA OFFICINALIS",30.034,110,17.3,3.94
"PULSATILLA ALPINA",13.40333333,288.45,31.805,2.05
"PYROLA ROTUNDIFOLIA",18.70666667,247.525,13.33333333,1.4
"PYRUS SPINOSA",9.12,440,16.7225,1.2025
"QUERCUS COCCIFERA",5.24375,490,12.376,0.8075
"QUERCUS ILEX",5.975245283,382.4105405,13.92203196,0.866224007
"QUERCUS PETRAEA",13.58264,387.1014493,21.33033486,1.325513439
"QUERCUS PUBESCENS",10.75125,442.2222222,18.17705882,1.259695652
"QUERCUS ROBUR",13.725,383.7142857,21.94032746,1.835650203
"QUERCUS RUBRA",14.89921875,392.5,21.08047619,1.627355636
"RANUNCULUS",29.04,250,30.235,4.13
"RANUNCULUS ACRIS",20.96605443,203.8333465,24.87660999,2.575136251
"RANUNCULUS BULBOSUS",19.44641741,184.6901263,28.01966667,2.279812286
"RANUNCULUS FICARIA",32.64266667,110.8333333,29.6375,4.433333333
"RANUNCULUS GRAMINEUS",12.88967778,303.2054111,21.98751079,1.89124
"RANUNCULUS MONTANUS",19.06666667,178.7,27.6,1.93
"RANUNCULUS PENICILLATUS",37.825,110,43.5,4.01
"RANUNCULUS REPENS",24.48909091,169.4535,23.69461538,2.994998135
"REYNOUTRIA JAPONICA",16.81625,261,23.01,1.878389073
"RHAMNUS ALPINA",21.555,272.4347488,27.9183178,1.736666667
"RHAMNUS CATHARTICA",17.079,306.25,27.535,1.699535795
"RHINANTHUS ALECTOROLOPHUS",19.3395,210.2386,28.38333333,2.44675
"RHINANTHUS MINOR",19.93278829,169.0267833,36.46465186,8.955106621
"RHYNCHOSPORA ALBA",16.68,331.695,13.09,0.59091
"RIBES NIGRUM",16.333125,339.5,18.4625,1.802827941
"RIBES RUBRUM",23.79777778,264.6125,23.42,1.325832208
"RIBES UVA-CRISPA",16.58923077,267.142,22.005625,1.753138709
"ROBINIA PSEUDOACACIA",20.49783784,326,35.64625,1.641226825
"ROEGNERIA CANINA",27.84666667,305,38,2.2
"ROSA ARVENSIS",22.22745763,338.6153846,23.16166667,2.099665051
"ROSA CANINA",14.66266667,345,25.26,2.926666667
"RUBIA PEREGRINA",14.91208333,212.1153846,15.98714286,1.866666667
"RUBUS",22.78848485,343.8461538,21.75956522,1.4
"RUBUS CAESIUS",23.2878125,367,20.94041667,1.689703894
"RUBUS FRUTICOSUS",15.70881579,347.3653846,25.28176471,1.846654435
"RUBUS IDAEUS",22.08829268,359.4208,23.78705882,2.14
"RUBUS PRUINOSUS",19.70222222,280,17.92,1.900718853
"RUBUS SAXATILIS",27.19235294,328.2857143,19.31,4.441007849
"RUMEX ACETOSA",27.89212751,115.2429686,35.43572917,3.511776558
"RUMEX ACETOSELLA",22.18534483,120.9490323,30.10529412,2.386003914
"RUMEX CRISPUS",19.47192308,147.3333333,29.75333333,3.538614959
"RUMEX OBTUSIFOLIUS",27.41731956,154.2965476,36.122,4.138255138
"SAGINA PROCUMBENS",19.72142857,184,15.97,2.4405
"SALIX ALBA",11.86285714,295.3375,25.63,2.492531973
"SALIX CAPREA",14.45739726,333.2363636,25.47421053,2.021086749
"SALIX CINEREA",11.305,430.3875,19.83166667,1.481610666
"SALIX DAPHNOIDES",11.13,326.8918124,23.889075,1.55
"SALIX GLAUCOSERICEA",11.322,360,23.0225,2.604166667
"SALIX HERBACEA",14.71928571,423.6100493,25.0365,2.092666667
"SALIX LAPPONUM",11.39454545,365,27.1285,1.716406403
"SALIX PENTANDRA",17.735,249.795,29.33,1.68
"SALIX PHYLICIFOLIA",11.2825,360,24.3108,1.451910401
"SALIX REPENS",11.94206897,389.10875,17,0.668090257
"SALIX RETICULATA",9.255,373.5920226,18.21818182,0.976666667
"SALIX TRIANDRA",12.48875,388.66,25.185,2.829625041
"SALSOLA KALI",5.247857143,95,33.194,2.654827921
"SALVIA PRATENSIS",15.8858125,199.4761538,24.62333333,1.771136364
"SAMBUCUS NIGRA",20.1384,244.7323944,34.14285714,2.638919954
"SAMBUCUS RACEMOSA",22.34333333,175.0375,53.26666667,2.8
"SAMOLUS VALERANDI",23.385,169.605,20.28235294,1.750183183
"SANGUISORBA MINOR",17.68934781,294.9453574,21.98457317,1.779290615
"SANGUISORBA OFFICINALIS",22.69705882,269.21,20.794,1.52
"SAUSSUREA ALPINA",16.95333333,193.3333333,19.54,1.227555316
"SCABIOSA COLUMBARIA",17.75701769,181.2544449,21.54833334,1.678823237
"SCHOENOPLECTUS LACUSTRIS",14.77833333,156.6666667,17,0.3
"SCHOENUS NIGRICANS",4.6825,381.2683333,15.1875,1.102066543
"SCLERANTHUS ANNUUS",23.85507692,260.6895385,18.5125,1.25
"SCOLYMUS MACULATUS",34.74,70,25.9575,6.585406869
"SCORPIURUS MURICATUS",13.64443003,140.0672362,34.04679775,0.887851669
"SCORZONEROIDES AUTUMNALIS",26.23071429,151.6592593,20.54727273,2.784
"SEDUM SEDIFORME",5,164.5,4.93,1.56
"SENECIO DORONICUM",10.58,135.91,22.27,1.41
"SENECIO VULGARIS",30.16041667,82,38.615,1.9
"SESELI MONTANUM",10.98330536,274.303952,20.67112086,1.762
"SESLERIA CAERULEA",16.36,366.4250786,18.54666667,0.9225
"SETARIA ITALICA",21.805,208.185,15,1.565
"SETARIA PARVIFLORA",14.1875,280,18.4,4.6
"SETARIA VIRIDIS",31.92,270,23.18,2.33
"SHERARDIA ARVENSIS",21.45758716,197.8669548,21.14170587,1.895605313
"SILENE ACAULIS",17.70666667,180,15,2.2
"SILENE DIOICA",35.40647059,111,30.57222222,4
"SILENE FLOS-CUCULI",26.39142857,135.7142857,15.55,1.78
"SILENE GALLICA",26.625,157.33,15.64,2.52
"SILENE ITALICA",17.82,210,19.18,1.63
"SILENE VULGARIS",23.43458333,152.7588282,27.41349253,2.25
"SOLANUM DULCAMARA",36.454125,180.6909524,39.33285714,3.039746253
"SOLIDAGO CANADENSIS",16.31605769,288.9768977,16.79428571,2.55
"SOLIDAGO GIGANTEA",16.76411765,316.4615385,12.08,2
"SOLIDAGO VIRGAUREA",23.65642857,238.7802733,27.37246537,5.4
"SONCHUS BULBOSUS",28.53758133,136.1372456,19.77163106,1.519206614
"SONCHUS OLERACEUS",32.80315789,116.75,34.9,3.46
"SORBUS ARIA",12.72363636,327.1276331,18.78541023,5.71
"SORBUS AUCUPARIA",14.58464646,347.6696079,22.57695933,1.785225536
"SORBUS INTERMEDIA",13.328,383.3333333,12.7,4.33
"SORGHUM HALEPENSE",17.962,380,22.205,1.96151707
"SPARGANIUM ANGUSTIFOLIUM",36.3,140,23.18,2.356976166
"STACHYS OFFICINALIS",18.42472664,202.3958169,23.44736673,2.759982054
"STACHYS SYLVATICA",41.18181818,203.5,26.22333333,4.2
"STELLARIA GRAMINEA",30.04555196,149.3512009,32.53363636,3.296610833
"STELLARIA HOLOSTEA",27.71466667,176.25,25.01111111,5.078444563
"STELLARIA MEDIA",42.09162128,126.3728509,28.71055556,4.165208693
"STIPA CAPILLATA",7.56,634.165,16.03769231,1.215201905
"STIPA PENNATA",5.857179012,548.6972919,17.85665346,1.413888889
"STRATIOTES ALOIDES",54.03,81.19,21,3.9
"SUCCISA PRATENSIS",16.81766123,189.8294058,14.95333333,1.138896566
"SYMPHORICARPOS ALBUS",22.24166667,355,14.53333333,1.95
"SYMPHYOTRICHUM LANCEOLATUM",19.88444444,257.9090909,24.91625,1.966666667
"SYRINGA VULGARIS",13.56875,322.905,19.41,1.222
"TAENIATHERUM CAPUT-MEDUSAE",28.81,340,13.27666667,1.285
"TANACETUM CORYMBOSUM",20.96333333,198.264,14.69,1.88
"TANACETUM VULGARE",19.4996,233.5555556,22.63642857,3.825519928
"TARAXACUM ALPINUM",25.02,159.4,25.355,1.74
"TARAXACUM CAMPYLODES",25.72390539,160.0252369,27.46488095,3.658277889
"TARAXACUM LAEVIGATUM",34.05695,167.28715,25.17,1.98125
"TAXUS BACCATA",7.09957265,355.8217822,22.08705882,1.769576657
"TEUCRIUM CHAMAEDRYS",13.21323118,320.3041529,18.25981514,0.960833333
"TEUCRIUM MONTANUM",7.158611111,353.8805556,12.26765623,1.14375
"TEUCRIUM POLIUM",13.83666667,352.1993333,16.026,1.068
"THALICTRUM ALPINUM",12.77,371.5328571,18.87,1.47
"THALICTRUM MINUS",20.581,282.1042857,24.525,2.479333333
"THYMUS",19.78340575,263.4274882,20.36444445,1.588907041
"THYMUS POLYTRICHUS",15.90755102,292.173913,16.67727273,1.791576688
"THYMUS SERPYLLUM",9.665538462,322.4563846,13.44545455,0.996136364
"THYMUS VULGARIS",11.87230769,329.9,14.18333333,0.6
"TILIA PLATYPHYLLOS",26.595,203.575,30,2.39
"TOFIELDIA PUSILLA",16.4025,284,15.58,1.549166667
"TOLPIS BARBATA",31.61666667,116.6666667,21.45333333,1.868
"TOLPIS STATICIFOLIA",27.2,114.44,23.68,2.07
"TORDYLIUM MAXIMUM",27.84666667,247,19.8,2.98
"TORILIS JAPONICA",25.80833333,270.45,23.05,4.24
"TRAGOPOGON DUBIUS",21.92666667,213.28,26.31,4.271826626
"TRAGOPOGON PRATENSIS",22.00074074,185.4595455,22.9925,1.7055
"TRICHOPHORUM CESPITOSUM",7.78,270,20.24,1.1
"TRIFOLIUM ALPESTRE",12.562,350.7785714,25,0.846
"TRIFOLIUM ALPINUM",18.246,291.77,29.37925397,1.174550264
"TRIFOLIUM ANGUSTIFOLIUM",19.786875,267.4545455,32.85111111,1.525
"TRIFOLIUM ARVENSE",18.85684211,341.11,25.84,1.146666667
"TRIFOLIUM BOCCONEI",24.57,235,25.055,0.927
"TRIFOLIUM CAMPESTRE",29.49305263,244.4683571,38.6500726,2.0546
"TRIFOLIUM CHERLERI",24.39,260,25.16,0.74996
"TRIFOLIUM DUBIUM",25.9165,197.25,33.31,1.548321024
"TRIFOLIUM HIRTUM",17.91,250,24.7775,1.3725
"TRIFOLIUM MONTANUM",20,255.56,34.445,1.74
"TRIFOLIUM OCHROLEUCON",26.38,220,27.58666667,1.253333333
"TRIFOLIUM PRATENSE",22.99031084,244.5824979,40.77628353,2.094326994
"TRIFOLIUM PURPUREUM",26.41,180,43.85,2.757421008
"TRIFOLIUM REPENS",29.174239,201.2981839,41.7627294,2.700180114
"TRIFOLIUM SCABRUM",19.078,301.455,40.15170705,3.0725
"TRIFOLIUM SUBTERRANEUM",27.19597841,161.8725085,37.34833334,1.75
"TRIGLOCHIN MARITIMUM",11.48,126.6666667,35.35,2.715
"TRISETUM BAREGENSE",22.364,316.7714286,19.0625,1.581
"TRISETUM FLAVESCENS",23.11585004,285.2895133,28.91277778,2.252203987
"TRITICUM AESTIVUM",28.764375,227.38,38.55333333,0.34
"TROLLIUS EUROPAEUS",21.41826087,205.9655556,22.92615385,1.57667528
"TUSSILAGO FARFARA",17.21352941,162,25.40666667,2.2
"TYPHA ANGUSTIFOLIA",6.285,265.555,15.1,1.425
"TYPHA LATIFOLIA",11.772,196.0266667,13.57380952,1.7065
"ULEX EUROPAEUS",9.479655172,289.8545455,31.04090909,2.52761507
"ULEX GALLII",6.553214286,367.6923077,23.985,1.676638523
"ULMUS GLABRA",13.98932432,354.1578947,22.066,1.763892758
"ULMUS LAEVIS",32.13,213.665,14.7,1.117337335
"ULMUS MINOR",15.103125,241.7125,26.960625,1.694110109
"UMBILICUS RUPESTRIS",31.8175,44,16.7,1
"URTICA DIOICA",28.79534483,205.493629,45.03665892,4.429077172
"UTRICULARIA VULGARIS",79.4725,50,23.18,1.421702462
"VACCINIUM MYRTILLUS",18.56818182,358.877234,17.77979592,1.370710171
"VACCINIUM OXYCOCCOS",9.895454545,357.3688235,14.312,1.002063228
"VACCINIUM ULIGINOSUM",14.20181818,376.6897258,19.97116692,1.059462459
"VACCINIUM VITIS-IDAEA",7.782803738,385.6555132,10.4281453,1.093690672
"VERBASCUM THAPSUS",13.91346154,204.05,22.3,2.539136667
"VERONICA ARVENSIS",25.33953846,180.1204167,17.69890769,2.367230769
"VERONICA CHAMAEDRYS",30.11038025,229.4423727,22.569,2.244625014
"VERONICA OFFICINALIS",26.256,324.2857143,16.975,4.975
"VERONICA PERSICA",36.40538462,142.8,23.33333333,2.35
"VIBURNUM OPULUS",16.48966102,329.1891892,23.506875,1.544739071
"VIBURNUM TINUS",7.793243243,391.9354839,12.26545455,1.316604209
"VICIA CRACCA",23.95446273,230.9421271,43.39594763,2.611014954
"VICIA HYBRIDA",31.8,184.6666667,53.7,2.71
"VICIA SATIVA",23.96844444,246.4301667,47.01499726,2.859583333
"VICIA SEPIUM",38.58533333,303.985,48.305,3.33
"VICIA TETRASPERMA",29.36446154,264.8533333,34.76848757,2.83
"VICIA VILLOSA",25.704,160.975,29.6,1
"VINCETOXICUM HIRUNDINARIA",47.99916667,166.527,38.375,3.7
"VIOLA MIRABILIS",47.462,163.7325,23.9,2.8
"VIOLA REICHENBACHIANA",30.005,220.0575,23.5,2.45
"VIOLA RIVINIANA",27.82230769,243.2,24.84,2.4
"VIOLA TRICOLOR",29.78388889,162.54,26.36333333,3.069
"VITIS VULPINA",36.35333333,217.1428571,25.572,2.8
"VULPIA CILIATA",34.7625,320,19.09,2.6
"VULPIA MYUROS",21.66933377,276.2695544,23.91083333,2.422285714
"XANTHIUM STRUMARIUM",17.9475,196.7583333,28.51,2.265145315
"ZEA MAYS",25.62,190,20.295,3.338751859
